"tweet_id","author","count_star()"
"1795781220925669620","963492493458329602",2
"1795383660088074396","796158301788667908",2
"1795168528464540035","482147864",2
"1798852393096130705","1621152552258801672",2
"1801196737324843027","1665677569671168002",2
"1805150200953987313","257701485",2
"1803310036778635418","1400696075800006660",2
"1795676079425986862","1241271904905957378",2
"1795576045984510007","1337073219455643654",2
"1795174431024623788","1230075350144647169",2
"1795146377862717536","77091352",2
"1795159666332184816","280244562",2
"1800510352003858526","714377328869171205",2
"1805886128781701180","1502756348370604033",2
"1795738468896927959","1361376260140773387",2
"1795443288587096309","1033796634101067777",2
"1795415562903765404","3154566215",2
"1795374418409185460","7586252",2
"1795143640207040799","1198845188",2
"1801135351395684823","310402833",2
"1801511330513342829","714377328869171205",2
"1801522502193045986","1612548760248131593",2
"1804615146939003047","1623624820704387072",2
"1803070480749916192","714377328869171205",2
"1806666075347816462","714377328869171205",2
"1795565534362124545","909220747",2
"1795424189316301071","459277346",2
"1795365015035466067","271673521",2
"1795398428832530838","241624644",2
"1795497567880646985","925322125",2
"1800468381101105369","115503011",2
"1800844309941657929","1595358274647359490",2
"1798954535081414778","199025705",2
"1795831385753846074","4045996030",2
"1795714607820267984","4045996030",2
"1795702783607464397","4045996030",2
"1795497238829097323","501956919",2
"1795456207580262699","246229679",2
"1795351568172388807","995249600477966336",2
"1795349176941002879","780472708274462720",2
"1795296626514526474","722567408070868992",2
"1798391828527583374","1597641671302385668",2
"1800844267562434778","1595358274647359490",2
"1795319040656990340","1457327530554413060",2
"1795816449392722014","633231289",2
"1795349337117237466","2367195271",2
"1795536991955923343","112282698",2
"1801408992360493065","1341750498639097859",2
"1805963417548673493","731242421124771840",2
"1795394172868055449","625566377",2
"1801185919220740430","714377328869171205",2
"1805214370101649866","891785762504658944",1
"1805210437274788155","954271022",1
"1804960753146896539","1682403880477376515",1
"1804937385471254975","1798432400067678208",1
"1804892559493206317","1798432400067678208",1
"1804092866123223283","977655689370882048",1
"1804083621910704618","1694344217554776065",1
"1804035457585393922","2248956929",1
"1803955646234267716","189646352",1
"1803920951685284032","1433416725131837443",1
"1803920469336138102","1478657395828170753",1
"1803878116101657045","1505084498228256771",1
"1805548539830845906","332281483",1
"1805420965880295558","1065689344529367041",1
"1804172090364276946","3035183359",1
"1803959211165909179","1552140602493607939",1
"1803957988182651294","1646310268031635456",1
"1805883630675218522","1331624827237634056",1
"1805544359321804863","1303679483610894337",1
"1804081477090447609","1368189740437147655",1
"1805171617951015095","535208030",1
"1805160996694048964","423499617",1
"1805160360464228564","945371120659726337",1
"1805157644690190441","1577245886987603969",1
"1805155199717105674","1430517931671183365",1
"1805152756090409003","291340325",1
"1805152432902558165","771489647960653825",1
"1805147861954306353","4912843775",1
"1805147478393544966","457884310",1
"1805144602862629120","471422231",1
"1805112435461771267","753563670",1
"1805052431820104004","1680014294702776321",1
"1805036473864901106","1239177441907748864",1
"1805034681387110540","768634404",1
"1805026743977484406","3355919578",1
"1805224486385451484","217009394",1
"1805168279469662262","877188327333650432",1
"1804251394301436207","376570930",1
"1804236419126243524","520806608",1
"1804212120097087510","3154566215",1
"1806088053112373649","379081311",1
"1805707538094342308","289393526",1
"1805696686515425319","802455491150577664",1
"1805662202365648989","2849496411",1
"1805652952129941907","2761999017",1
"1805217740145164510","907662119339950080",1
"1805128922108994010","1238354342517899264",1
"1804934278326747328","2689792170",1
"1804635456560042321","1112325145870458881",1
"1804561097862574234","1070444943234228224",1
"1804537419246486009","138053958",1
"1806592113187917835","952277420329111552",1
"1806062757407858830","750086080268005378",1
"1805666102862565496","1055966133004709889",1
"1806207506374373593","1280184340069089280",1
"1808107369777242167","1243591859089346560",1
"1807942110290571463","1747702339811590145",1
"1807904184429105219","248427334",1
"1807846702247993716","3288833549",1
"1807762932148961656","1586983095168733184",1
"1807760902441128378","1694344217554776065",1
"1807760140730323267","1694344217554776065",1
"1807757808336539760","1694344217554776065",1
"1807757603855835188","1694344217554776065",1
"1807757114875470168","1694344217554776065",1
"1807756982062928343","1694344217554776065",1
"1807754489140531480","1694344217554776065",1
"1807555604346483025","1148080940691918848",1
"1807506378577125869","122312023",1
"1807493201604800774","1089282872",1
"1807814287232000210","1569074340045504516",1
"1807757346887565427","1694344217554776065",1
"1807722115774197999","3436621384",1
"1807759854259306502","1694344217554776065",1
"1807758337498312883","1694344217554776065",1
"1807479462579130744","1694344217554776065",1
"1807460302218215881","51582261",1
"1807439051944849783","1648014983823761418",1
"1807315914972402019","1694344217554776065",1
"1807315007291490479","1694344217554776065",1
"1807139880931127544","223337411",1
"1807028870010265835","1272334098837786628",1
"1806988074301235375","183679718",1
"1806869807389691981","1307372447335931912",1
"1808108166959264099","417499634",1
"1808076266479702234","993219054",1
"1808071532293304685","1116696668",1
"1808065944075280757","1162851064082776064",1
"1808060622153625656","1550470454153994241",1
"1808048948231188899","2787229306",1
"1808044432819720223","1022423816",1
"1808035338599714936","1148969013806080000",1
"1808004446820921714","1570210235855376384",1
"1807947323541946780","1181725796739760135",1
"1807937052438106138","1039862506607595520",1
"1807934704013738479","1421384782810857472",1
"1808104980282290397","796404793224941568",1
"1806973989039780024","1546273057",1
"1808022629997228323","1437862803986124803",1
"1807905263296426033","1774165335567896576",1
"1807895040884093009","1527042507690876929",1
"1807894319233216833","65665921",1
"1807894048553705862","167541308",1
"1807893454930039135","254153544",1
"1807890916671140216","1635362507983319065",1
"1807889324077097242","1137831471102799873",1
"1807887925629046885","2727928347",1
"1807886822649090384","1623490597897003008",1
"1807886506020708598","335066279",1
"1807886502652735900","1349603137187946501",1
"1807759354138968229","915389650482671617",1
"1807698392253878510","1572534490626490368",1
"1807689541832314976","1289027458969133056",1
"1807601554356163069","158596037",1
"1807598996539519463","231999396",1
"1807531415283609758","1119577914125815809",1
"1807526498422886594","4318600343",1
"1807893113672741028","1202860218",1
"1807887595109769556","87473926",1
"1807730241747521828","2830056185",1
"1807893236624539881","410088460",1
"1807893938914660468","308092811",1
"1805838387112243461","1449978050259689475",1
"1806062165943611738","923927792",1
"1804542846772433363","746714404452970496",1
"1804906421470839210","1103303518763577350",1
"1803904870723846555","1788346378898292736",1
"1803887546222395684","1666145672544780295",1
"1804632699157586345","3127900143",1
"1804553808883695947","2806412109",1
"1804625957309010205","110675227",1
"1806678014664536483","1395346703436353540",1
"1806327174372139263","1716123794106978304",1
"1806627962479096120","1391421366776352773",1
"1806664754905104534","979188312",1
"1806443416689299474","378628060",1
"1806206178113798406","705099490366267393",1
"1806087725730181133","1258407019842863106",1
"1806070830545371570","712553875161620480",1
"1805992657128141014","1325111167967260674",1
"1805790686572101793","337268427",1
"1805777339290112030","705099490366267393",1
"1805734976606159207","1651713923526062080",1
"1805712853409649085","1679579855422210048",1
"1804956015982518725","619271583",1
"1804936909212311565","1081916881244700672",1
"1804910700466258152","1447580971",1
"1804881152328556942","321065677",1
"1804806297063174538","1247074831444709379",1
"1804785098409005518","407215365",1
"1804653080685797608","872889256045420545",1
"1804766810098516184","199789990",1
"1805564025037557960","856267048820846592",1
"1808119441923694979","968662989783134209",1
"1808010141834371170","884505369879379968",1
"1807936616365019427","2752841059",1
"1807082190548648138","857307102099816450",1
"1807435090714128476","1390829253663526913",1
"1807867502321717414","1548993576041840640",1
"1796460413334524368","1265598841140756489",1
"1796143565682176415","495043338",1
"1795827878204186899","1147172779244032001",1
"1795786371220517337","1349889373215617024",1
"1795208941355373032","1230075350144647169",1
"1795832658569974110","379081311",1
"1795903327953186880","561267266",1
"1802455675370344466","1414319445808402434",1
"1802301160507793643","913365502063456257",1
"1802204360656474256","176590767",1
"1802065368745144620","2282275083",1
"1802016219232399820","484032780",1
"1801213974064541900","110253629",1
"1801207251903918462","1263903390695854081",1
"1801201581049926020","705211130",1
"1801198645389164838","1239996786",1
"1801204433230918101","1652644000422060033",1
"1801191023764205714","775710086937346048",1
"1802255730692571256","1345723338941988867",1
"1793953671933297113","2616766302",1
"1793983635705762061","1732802419124260864",1
"1793930217368780965","741014612489994240",1
"1793894374494879895","1457122409677459460",1
"1793796010713448843","2216254442",1
"1793902073035288664","1743575399123017728",1
"1793925019850145913","714377328869171205",1
"1796857959818854500","829019438",1
"1796658662502551989","945928803012022274",1
"1798090099659350145","3817350436",1
"1797348074399920213","1684598124868665348",1
"1797888614128640217","229219572",1
"1797714594527613383","1399006179397881856",1
"1797694096670421172","1261602381076344832",1
"1797691675713900570","1461836931420106755",1
"1798806029574275197","1621617418370965504",1
"1797746952848728141","1643242920420556800",1
"1799433160352297400","1342216637303447557",1
"1799427072340975822","1246846377159688193",1
"1794377728751448548","777299489661083649",1
"1797767465667322070","2490429906",1
"1797329226837688641","3039229139",1
"1795855638133649742","1597641671302385668",1
"1800817479410651356","1218692842735927296",1
"1800752172579299823","1495326748120076292",1
"1799933111335100429","1595358274647359490",1
"1799669954314199301","934277456",1
"1799657669684527369","185396873",1
"1799545440192315579","1723275545255792640",1
"1799487365158740131","938569003710210049",1
"1799449558486778321","2947145512",1
"1802510804895285352","1585928055746330625",1
"1802459929384567127","1427530926788128792",1
"1802658061594526082","3522406635",1
"1801608382727467427","905799527537532928",1
"1798923346933166290","819271920",1
"1801662267148112124","1910520919",1
"1801530216277262383","1565597323446591495",1
"1799609154807779645","868932507613396993",1
"1798702533822877747","178455011",1
"1802978130086261084","198935544",1
"1805869020840640517","1571550826996318210",1
"1805677282448883811","1649367209712533504",1
"1805428390788317669","1024300438278078464",1
"1805389427738656965","1024300438278078464",1
"1805389134946824489","1024300438278078464",1
"1805271461365526645","1646267601440440320",1
"1805261562216665375","1613342786727690241",1
"1804992482624626919","1357932675470925824",1
"1804976239910006868","446381701",1
"1804963531038584966","1347701477918339072",1
"1804574273815617981","1694344217554776065",1
"1804107455422398662","1415440034346504194",1
"1804072205682102546","1563303188270182400",1
"1804021331165413883","3035183359",1
"1804006779388358781","1787470863891046400",1
"1803977117157196283","1227652025070051329",1
"1803969068480790899","2394085798",1
"1803959367437279703","1547947026779758595",1
"1805962191507480670","408570641",1
"1805591768966349165","1594785331131269120",1
"1805588432640512085","1581291541942910982",1
"1805585319749668869","1529462798136262657",1
"1805203274703773962","1372971017325404167",1
"1804515772535865448","1415440034346504194",1
"1804139466551853064","1759638424997306368",1
"1804122986892398621","1777723249800941568",1
"1804116884243034341","1612398872415936513",1
"1804109174076305894","1588965622175637524",1
"1804093980872675416","977655689370882048",1
"1804079283582730580","1217636328013225985",1
"1804037128155767146","793398774265774083",1
"1804036621349576825","362539856",1
"1804008069392928839","2832412710",1
"1803998995397718348","1383554891717640199",1
"1803934673300590818","1087836942111309825",1
"1803922410959442200","1471666680",1
"1803921363826282616","838832274951008256",1
"1803903850857803888","1798726618346876928",1
"1803900985859019100","1159927822451978240",1
"1803895112444887151","185392823",1
"1805878420175208781","567517842",1
"1804970501745357112","408570641",1
"1804950459398172804","1580309165230243842",1
"1804574056915624282","1694344217554776065",1
"1803932148371493103","1525468714283433984",1
"1804062653574177139","1160531535373766656",1
"1803970605579989101","1694344217554776065",1
"1805680254557503508","1694344217554776065",1
"1805160747481047345","1753427282192941056",1
"1805157333762244967","621076122",1
"1805156235274080655","1028878550",1
"1805154396122034239","1143147144",1
"1805152005763068408","1099389265862160385",1
"1805148344139874491","1786346472402767872",1
"1805143719483482161","902242545408905218",1
"1805143181559742880","902242545408905218",1
"1805136175557931271","457884310",1
"1805132167543960037","274186572",1
"1805130527885631835","845742774",1
"1805128265490743739","1229085033484423170",1
"1805126057495777338","490759947",1
"1805120338839158823","1480932848",1
"1805111820484501721","1776404558291283968",1
"1805075999777784036","1762321895901298689",1
"1805040090810405316","1548327462005641217",1
"1805027361458462754","1510105346412584964",1
"1805024814492447043","1600232121435561986",1
"1805136422862463073","1188453816309637120",1
"1805132231498731797","1099502803",1
"1805032874615210170","1069306175932510208",1
"1805152400635826189","411434116",1
"1805150163637256693","848651305644064768",1
"1805738026896679046","44337911",1
"1806219478511792533","1217872824284712965",1
"1805903452150603915","261803436",1
"1805744213667332148","1245044320048160771",1
"1805676176004071795","1238354342517899264",1
"1805656790417166539","2761999017",1
"1805523516239884645","1155385210340544512",1
"1805203740066021416","236524587",1
"1804937619715027424","310002542",1
"1804788025152389339","529744255",1
"1804693690926957004","1238915249908207617",1
"1804544957727789175","1259913745955991553",1
"1804461821434134971","3402374669",1
"1807760353696080340","1694344217554776065",1
"1807759563065602320","1694344217554776065",1
"1807759332039078373","1694344217554776065",1
"1807758094014746836","1694344217554776065",1
"1807757185876623643","1694344217554776065",1
"1807756710368481731","1694344217554776065",1
"1807754324782530621","1694344217554776065",1
"1807712890645778768","403425871",1
"1807678188002189811","3207794057",1
"1807888575033143428","1529219739121332231",1
"1807594764444762325","1694344217554776065",1
"1807593504283021411","1694344217554776065",1
"1807757479503147334","1694344217554776065",1
"1807474710021562868","1711526246151057408",1
"1807471671378362731","567517842",1
"1807464421008068705","743473917050884096",1
"1807445852530638958","1644386474228318229",1
"1807139034193686568","1687117573",1
"1807138300676784208","2832317645",1
"1807127956122141120","1759671798663163904",1
"1807016672554815877","1382849965035229188",1
"1806913262547505491","1597488263635341313",1
"1806879622501458222","1568675785740787712",1
"1808109466014945485","263828472",1
"1808107907029811290","2570231374",1
"1808105107461968021","2544462385",1
"1808104824262594876","1415640330783891458",1
"1808097266416144821","153949458",1
"1808086101367661041","1262530575270924294",1
"1808081880475930847","1670763681217388545",1
"1808068512478351414","1523004361705721863",1
"1808064279628620268","1623051084175671296",1
"1808029265926963505","1791805882591764480",1
"1807994009316418046","193698640",1
"1807938702741852672","1541477934262779905",1
"1808014865723797878","1602725524903706626",1
"1807974595061788837","1270359496481701888",1
"1807060006065643814","1253047173949898752",1
"1807904019383210198","1096459792644755456",1
"1807898913170419730","1226997385802506246",1
"1807896232674971686","76119467",1
"1807895119343018391","1628138923393224705",1
"1807893874117153037","710770274",1
"1807887126727401971","1340689987327684609",1
"1807886815250338052","1621855671833460738",1
"1807886805275976122","1274020021317046273",1
"1807886349040771282","1393219553186955264",1
"1807581393481781359","362767321",1
"1807521954049536410","1611151825259974656",1
"1808080587397161085","1733589729415761920",1
"1807913074805833768","2739501047",1
"1807888237416890501","2358625611",1
"1807895456728355069","1746928287941636100",1
"1807890690270957721","1716653955986456576",1
"1805983054692852145","1354551747088429063",1
"1805875602005610565","1325703838196764672",1
"1805834944201003148","4892344990",1
"1805356445946593774","3014572781",1
"1804892822291562733","1723859250252759041",1
"1804670499127021947","1581785624067153920",1
"1804625854560969099","1797696429437165568",1
"1803897713706107182","2984668685",1
"1805549067709145315","1429550579802677248",1
"1805301101073166562","1657721652082245633",1
"1806411178672873689","2498914201",1
"1806329887835173002","1088075194500083712",1
"1806355447357603948","1744285540260737025",1
"1806597300082393594","229861606",1
"1806061030885179626","1450204182284316676",1
"1805856784315240547","1260540161148010496",1
"1805707420905201675","1171911606550355977",1
"1805705867599241450","902286067",1
"1806005205923692712","1535870879263072258",1
"1805282248184234363","1757655552329469952",1
"1805244103577211016","1521485664998633477",1
"1804910595344310751","1366057299152957441",1
"1804904082206810534","222586918",1
"1804827185733112304","947162298",1
"1804805617732694028","4878820983",1
"1804771570142908623","1261416393846726656",1
"1804645691915898894","2521036525",1
"1804645042570588305","250765556",1
"1804644565015581135","1061171855476883456",1
"1804643195638222862","993714738",1
"1804636561318789599","4362684077",1
"1806212985339170900","1075042334",1
"1805858133773791727","811247547037679616",1
"1804986788551004296","924006917185441792",1
"1804758096503259485","2825009849",1
"1804964404485890051","1389676817469120520",1
"1804618711565046056","1379691168",1
"1807573923816497577","859819481874432000",1
"1807086731960954955","1122651658209628160",1
"1807079759278387290","93115278",1
"1796853393215922177","1252529308326924289",1
"1796587327042797820","134924949",1
"1796584499096310254","236524587",1
"1796477755506446365","880435426632269827",1
"1796422056118309081","915286979721486336",1
"1796292204400664848","930833310707781632",1
"1796067441551810653","1242216265009283074",1
"1795943945274302704","1473013324396773379",1
"1795897567206633951","1260208288853041153",1
"1795944418916069833","849165673922265089",1
"1802719336886317282","714225011381428226",1
"1802451416012734590","521515385",1
"1802364519991128232","1150508355250741249",1
"1802344129571037566","300524002",1
"1801201517430497547","3393600411",1
"1805671009774719476","222183581",1
"1805670689204015341","1694344217554776065",1
"1805421363320033599","308092811",1
"1805932067160559735","637146085",1
"1805674286629503487","1694344217554776065",1
"1805370791774896472","1595103044236189696",1
"1804994037683769718","1611212725",1
"1804975575972696280","1645260950272974848",1
"1804968841451041038","743473917050884096",1
"1804255705819680862","1708128189589934080",1
"1804016203603595612","1691393337725497344",1
"1803937224095928554","4805624955",1
"1803925210069917906","1723033837054181376",1
"1803892635578274160","977655689370882048",1
"1803880937782153421","1307372447335931912",1
"1803990026897838395","734309169226997760",1
"1803977807610966329","1217241124928196609",1
"1803959470466232536","1345871403715874817",1
"1803922087985451202","1562184557767655424",1
"1805168770907808250","1613300170585686017",1
"1805161843943457075","948531598726717440",1
"1805161779976188247","3379203101",1
"1805160172760764687","1752044611973902337",1
"1805158107527471273","2415305025",1
"1805154813572690109","4030569081",1
"1805147070900138452","210787155",1
"1805145974446113122","902242545408905218",1
"1805145154757513531","960463825",1
"1805145039611351263","960463825",1
"1805142566293148049","1751742239787606016",1
"1805112099179249719","1560163111620976646",1
"1805109486983520275","183635768",1
"1805034075452830123","1756996560318009344",1
"1805153483206643938","1361302911725301770",1
"1805142844623004126","1069306175932510208",1
"1805141781136244785","1645833423422881806",1
"1805127933905842444","505144192",1
"1805039804544880826","610992469",1
"1805162110877360172","775761626486206464",1
"1805016408494870666","2259783526",1
"1805152619834319195","3359252997",1
"1805146349517570446","902242545408905218",1
"1805129349009379487","1603268409386573832",1
"1805128756039733529","1229085033484423170",1
"1804242484190675193","77691076",1
"1805733565369340114","391591759",1
"1805594974651601252","3394129415",1
"1804757851404918796","1257784835822804994",1
"1804699986757623924","4726596569",1
"1804692971050205399","4045996030",1
"1804567545157996903","464093517",1
"1804541222624616448","586068725",1
"1804516512075587805","1606971145978249216",1
"1804501723899203683","996872798520987650",1
"1804463404054118887","427662568",1
"1804406665657114644","1160960244471738369",1
"1804405321034608748","287156264",1
"1804397333108384086","1238576316",1
"1805503640578240830","742991325386117122",1
"1806407455657660736","2244383083",1
"1804395702451081659","850392641049112578",1
"1807759051779875052","1694344217554776065",1
"1807758949501780119","1694344217554776065",1
"1807758593225064885","1694344217554776065",1
"1807757733245903280","1694344217554776065",1
"1807756865788358757","1694344217554776065",1
"1807755043057074401","1694344217554776065",1
"1807594884565471668","1694344217554776065",1
"1807531185951613299","965669376425955328",1
"1807488489434308637","1480889290238402567",1
"1807758728973729983","1694344217554776065",1
"1807474472858857730","1614113691066146821",1
"1807450324153614691","793917651970093058",1
"1807388419477156049","1694344217554776065",1
"1807148671840170443","712387108216971264",1
"1807140303142580576","1229455680198840320",1
"1806885344047927661","1660945192889794560",1
"1806869423002898463","1419115439125266433",1
"1808103964824506609","100237366",1
"1808100084669710356","435465284",1
"1808092885775999228","1488541095231430663",1
"1808091405455446462","1794834427312275456",1
"1808060395925471253","1340639717289803776",1
"1808057729950372331","1604992243009462272",1
"1808050748523270580","1122628896",1
"1808029345459401177","2446056858",1
"1808011846399500485","1737473251951955968",1
"1807956216003354835","901913469045309443",1
"1807951754664743139","1189990965664194561",1
"1807934662154629219","1280870751759892481",1
"1807928663523950674","1684322769620672516",1
"1808095709658292401","1404119598040027138",1
"1808053858121187373","2710858670",1
"1807928982442012872","1561221900335972353",1
"1807453812627767782","1694344217554776065",1
"1807893863723373021","1694073790228058112",1
"1807892786743775313","1056616783715680256",1
"1807891513117945958","422230205",1
"1807890920336990443","856273389182492676",1
"1807890152645447892","1565059999142973440",1
"1807888562450317548","1728819933004312576",1
"1807888278613332329","4778555121",1
"1807886576266961170","1203737741189636098",1
"1807886436336574743","3019190279",1
"1807886433291755986","2157691945",1
"1807762873042506123","1411047035374080002",1
"1807586718373032072","1487932677768495104",1
"1807531102422048862","245591678",1
"1807896220498907633","1393102778",1
"1807886522668179702","1123606432912429056",1
"1807886950143254985","871858814143934464",1
"1804672694236975577","162755721",1
"1804542677540565230","1696477519342346240",1
"1804541700582375663","1384701033025314818",1
"1805723645739700252","362767321",1
"1803889697376342312","1615874199641366528",1
"1804546766387257742","746714404452970496",1
"1804538579634233747","1672385298573959171",1
"1805589677824418162","1510573980486406146",1
"1804859787194040782","1192233534259417089",1
"1803676078545777142","1400696075800006660",1
"1806597653049774515","243180835",1
"1806590961331458399","1331775675934629893",1
"1806009074594533808","1384912520",1
"1805862906698899735","1388429295647920128",1
"1806020843568496818","492545607",1
"1805956087935311877","433596345",1
"1806051004682543352","1140720076091473921",1
"1805203422947271126","236524587",1
"1804808084910395461","1043968808459927552",1
"1804806805974917509","1260502887341441024",1
"1804976166022905913","1114563599127728128",1
"1805277829560402290","1506168366133882880",1
"1808123540320796845","29734218",1
"1808116583081885992","218552053",1
"1808115440918360387","1425830006035423242",1
"1808101641679171591","43247307",1
"1807992019920281737","1607068204345475072",1
"1807983773142708701","2305873943",1
"1807939541250236804","1548128450317131777",1
"1807933906701697183","1280870751759892481",1
"1807933840863719898","1132069382752997376",1
"1808107096065429832","1797017507229749248",1
"1807371349939150855","1444926843652657154",1
"1807333394264523130","122310568",1
"1808215897146069424","1388429295647920128",1
"1808024588468527493","1711983282529730560",1
"1807828354311020979","1490672756077309952",1
"1807789583347634244","1238606972",1
"1796433065688092908","1404524597765185536",1
"1796419536713081101","1153336133914415104",1
"1796396983911161863","1174014650884775938",1
"1796250616605598013","877022638601887745",1
"1795943980095475929","398273072",1
"1795888363666366795","1531340660019810308",1
"1795835262532284759","1245703915187945472",1
"1795799291644064135","1519377640183980036",1
"1795793773441474585","1578688288810045440",1
"1795516534808547761","402317038",1
"1796297709885992973","190351194",1
"1802971332876865797","2653823471",1
"1802424753958908193","190351194",1
"1801197920017903748","75063784",1
"1801178622251745514","550899867",1
"1801168254813020328","1679555910107013121",1
"1801012616799621534","1738340054534131712",1
"1801212160002887878","231919490",1
"1801203734703161724","1736021640",1
"1801186440673419310","242691857",1
"1802063573533036639","1138440146",1
"1793954431492296908","901008152635879424",1
"1793949545207930929","257053584",1
"1793942744169169004","900026588837945344",1
"1793910155085742346","1553675761978073089",1
"1793905490440917259","1611163558837886977",1
"1796863170331459763","4830930395",1
"1796805936016703673","1527055710",1
"1796685573727670711","76682484",1
"1796640808512237708","142063283",1
"1796586133692043593","200228904",1
"1798089756548407806","2528455732",1
"1798648511766151476","183355915",1
"1797679496239432128","1279774800240656392",1
"1799429181123764653","1762764820758048769",1
"1799433227637260679","471300090",1
"1798856209090642032","1553439781782265856",1
"1794823792688279812","194923695",1
"1800854993165267126","1349387113922490371",1
"1800844488128262170","1595358274647359490",1
"1799808833419956290","1492994373608476672",1
"1799766663371608554","2949881561",1
"1799548081051959544","1438462915703676935",1
"1799519061593780306","2996632509",1
"1799451885445042616","209555829",1
"1799426405912207740","193662296",1
"1799839103015657973","714377328869171205",1
"1799686211109277732","979417398",1
"1799685289675305097","415729641",1
"1799487954588455394","1122384733667766272",1
"1799476896545096121","1153336133914415104",1
"1800893518321451227","2350189821",1
"1802850097065001395","1328144932318703617",1
"1802475940380893255","1738340054534131712",1
"1803319133259325757","1786364995745296385",1
"1798694458323857714","149065144",1
"1798778010528780307","301952389",1
"1801633113899958781","54134167",1
"1801310933236564283","1305431939302805511",1
"1798730551425208690","440168108",1
"1799725792316047641","1748691286037590016",1
"1805804643441680489","161292661",1
"1805346945587888268","1546222850503237639",1
"1805158862284026067","1415440034346504194",1
"1804578468593631525","1694344217554776065",1
"1804142194539798694","1138206557299269632",1
"1804063265321799768","1633867260191178771",1
"1804032372184154445","1700129234914582528",1
"1804026316242534406","1227223919708557312",1
"1804015573329711290","212288886",1
"1804013647787659658","375695879",1
"1803991888652833254","1607579519304482816",1
"1803988595004346761","1313923246824345602",1
"1803932079949770842","1290414754016763907",1
"1803931267269816510","1122605972026023937",1
"1803925644113273172","1356065083173036038",1
"1803925378697748669","1518229605534023681",1
"1803922194663379222","1608824953394106369",1
"1803920708998738319","966144383681691648",1
"1803903504886698336","1796176533226184705",1
"1803881497654645130","1307372447335931912",1
"1804421836790178260","1694344217554776065",1
"1804135860431888534","925182803754483713",1
"1804053544619659394","1798809003092545537",1
"1805170763495793076","1589754828716228608",1
"1805167469490823296","1426153684862476289",1
"1805162731844026454","1353725537202667528",1
"1805148034067509640","3979806731",1
"1805146051113812419","1611151825259974656",1
"1805140807927599411","3056866036",1
"1805130000800067746","30481974",1
"1805118800326541597","1919641687",1
"1801195888607432750","966454850",1
"1801189583855419436","1239610885431271429",1
"1801186592985370865","374004166",1
"1802429569518928201","766995392701599744",1
"1801222735307084276","1481664429779562506",1
"1793876197652242529","3546045917",1
"1793956696777425061","3245455319",1
"1793851522444632171","462372746",1
"1794021390070186166","3761092036",1
"1793905807744229666","1611163558837886977",1
"1796777537156137220","264342915",1
"1796592466080170241","3027202139",1
"1795201753958257035","920170567847890944",1
"1799420480752918676","3154566215",1
"1799332229237346566","283019707",1
"1794286177362796560","1457327530554413060",1
"1797228573369278502","1554240709280014341",1
"1801155153493430729","2271413064",1
"1795882382328827976","911230406300770305",1
"1800777408200712287","713114548966932480",1
"1799900804301615470","2456465936",1
"1799710386633256994","1193126421725622273",1
"1799570434683285633","1629934261963825152",1
"1800832385325637857","1421211945101938690",1
"1802469345056248062","747567347733499909",1
"1802263228430364901","1239522816",1
"1803318526968569981","1786364995745296385",1
"1800091774490403025","1606434708941946881",1
"1798705712878559639","1425431929042743296",1
"1798726605336174679","1638532776147275778",1
"1801525966667141284","1621152552258801672",1
"1799690117260648482","1145094744026034176",1
"1803408501227630700","182870915",1
"1803935940945093037","148853292",1
"1803924045974642773","483941787",1
"1803923841636278509","1633878145299251218",1
"1803920998959284515","243291430",1
"1805674070605754685","1694344217554776065",1
"1804817097827987554","1694344217554776065",1
"1805431166708891698","1752723607871004672",1
"1804021486618911132","1859896362",1
"1804989313706311885","732158961617637376",1
"1803878226873262186","2498322208",1
"1805166599302693014","972129157181263872",1
"1805162207061152043","1766129725938798593",1
"1805154020295594261","2547716297",1
"1805150085182833062","1321000674197491713",1
"1805146459857125451","1493998929108684807",1
"1805130669816680448","1661520962242707457",1
"1805128978132340896","1589584097625739265",1
"1805128370365075967","1229085033484423170",1
"1805126743490978110","2799801837",1
"1805118145998278727","1643989523674861569",1
"1805117846021668908","848478377443028996",1
"1805117760801845311","1689004954189467649",1
"1805064072427106469","1661520962242707457",1
"1805030659401924780","841695488",1
"1805173438522278289","1077686876188872707",1
"1805162145778160092","1394004187457933314",1
"1805137954093895696","1069306175932510208",1
"1805952275724083416","742991325386117122",1
"1805814663973663106","250765556",1
"1805677877213700186","1266490058162548740",1
"1805663757538148483","1260208288853041153",1
"1805592998303895937","1366057299152957441",1
"1804922498888397201","39256071",1
"1804761864049434653","1424453666761854980",1
"1804757853153955987","1425817130939813898",1
"1804642159791927328","1611087218",1
"1804634812965061021","1521485664998633477",1
"1804477965364846975","1645178604911837184",1
"1805651655528267960","405931762",1
"1804455700011028793","914592665357967361",1
"1804445594712170869","1767835973000302592",1
"1805655123068076363","411810777",1
"1804494542827061380","381687338",1
"1807901026889941039","463352935",1
"1807862704906068290","1442974754663800832",1
"1807808316824789469","1694344217554776065",1
"1807763150604783641","1694344217554776065",1
"1807761180536000568","1694344217554776065",1
"1807758476770152674","1694344217554776065",1
"1807758029837775059","1694344217554776065",1
"1807757294106452227","1504122891570405376",1
"1807756452934586842","1694344217554776065",1
"1807754843164996055","1694344217554776065",1
"1807717963211960725","250176326",1
"1807680185841414277","3207794057",1
"1807677053556195459","1791522730145099776",1
"1807596185722499503","177319173",1
"1807537235165606215","1269250578581946368",1
"1807503839777747024","1673804996280823809",1
"1807502204598698048","1317316426219331584",1
"1807493810240549356","1694344217554776065",1
"1807487802147586484","1212824206913622016",1
"1807759711145525761","1694344217554776065",1
"1807483223003328981","1356266659443519494",1
"1807479197666832477","1780284873434951681",1
"1807452352737075252","1570423421439299586",1
"1807435530742776133","185392823",1
"1807388253869248834","1694344217554776065",1
"1807140109445407000","1177091069600653319",1
"1807115155089633713","315696816",1
"1807009595128201460","4657063757",1
"1806974710179140057","1797160280918482944",1
"1806947903950205223","913748085355970561",1
"1806922761417138364","3019584137",1
"1808111601796476941","497320645",1
"1808071035616420298","1116696668",1
"1808059111361171543","972928495327305728",1
"1808052949932769300","136068117",1
"1808052323983196163","1192013486794166272",1
"1808037383754916077","144525779",1
"1808022528264142880","1510593177723584512",1
"1807928866691768621","1684322769620672516",1
"1807315108877443351","1694344217554776065",1
"1808058141952577847","379766267",1
"1807140204643320234","933090037",1
"1807901861090861087","1106619295990202374",1
"1807897522306011541","1502644978111201280",1
"1807895313127985649","1645364308816134145",1
"1807894378012369297","2991032692",1
"1807886267209891875","1136068684059779072",1
"1807740645068411058","252583558",1
"1807840860710560072","833724338964664320",1
"1807896163535716491","1103423446514614272",1
"1807691729417421030","1503817970908381196",1
"1807547407296606518","1710279425017761792",1
"1807886454070337852","191811381",1
"1804756037255242086","1247085525556740097",1
"1806059392665579716","254757777",1
"1805978700896170378","1557847304261992457",1
"1804893291307041060","308609148",1
"1804662068223549815","1700804989935927296",1
"1804614970279415897","1541477934262779905",1
"1804544878254158209","717698795937652736",1
"1804542617453019447","324320554",1
"1804628280697344277","1402982883535507456",1
"1804070007237677441","570695689",1
"1804228480554447258","982730824532578304",1
"1806392203847020794","1583851806928650244",1
"1806405036160712909","982305058946715649",1
"1806659520082641186","1745457374608203778",1
"1806595154330992738","938508898054615040",1
"1806764575750312347","1427615191869558788",1
"1806435807688814917","1679579855422210048",1
"1805891799443018068","1683549492061110272",1
"1805824811232354351","1349299666672898048",1
"1805728600253235688","201290063",1
"1805692557990441092","1713459787394883584",1
"1805781942689783886","705099490366267393",1
"1805234716364186042","1366057299152957441",1
"1804809439393759678","1422317349491912709",1
"1804784884994461853","1649381715398328321",1
"1804680295460778401","1733867518920450048",1
"1804672427298869557","1548713773753589763",1
"1804785317439754252","1056134024622673926",1
"1804636238269362320","537690216",1
"1804853864291615224","1251196535787991045",1
"1808083940973928942","138860650",1
"1807942634775736757","1516235563883454464",1
"1808038605148823894","1286753090465603585",1
"1807718431401115710","1716799442538369024",1
"1807201493331677597","1511838118021939203",1
"1808199913676657081","1798765673986052099",1
"1807397229277122967","1798765673986052099",1
"1807411962441044466","1580106023347658753",1
"1796556975569826264","275951790",1
"1795968302583312740","527891887",1
"1795869674288066777","1144161207898779650",1
"1795852548747759865","1457327530554413060",1
"1795785327044370838","1380165367780278274",1
"1803139647507427722","1520815182083203078",1
"1802327252274647376","1153336133914415104",1
"1801224649105105387","1763255388898516992",1
"1801216380026458591","19816793",1
"1801212115627266453","1536251620245360645",1
"1801208770300694792","620517947",1
"1801199291421118836","1235945647867654146",1
"1801124186212966817","156757566",1
"1801205418242306424","1310132425574567938",1
"1793971711861494137","1276411441910857728",1
"1793946590815601055","789535408271007744",1
"1793894679978651732","504368791",1
"1793910654631657680","1230075350144647169",1
"1794644271733317702","2646422688",1
"1796862436651172298","1275054621120245761",1
"1796655693283356872","395373594",1
"1796591542062420400","180749639",1
"1797370685460775218","1442879560996069378",1
"1797725775745167693","3242157165",1
"1797566691469300126","369196467",1
"1798656940039409691","1213450820693315584",1
"1798648635670102300","145698582",1
"1799941927816847569","1799486861921955840",1
"1799418674463576399","753235703824314369",1
"1800582863903175113","283019707",1
"1795851381665865739","1597641671302385668",1
"1795548264512508325","1652611436982435841",1
"1799932864890351883","1595358274647359490",1
"1799517158914834703","256887587",1
"1799474968448954817","319343299",1
"1799443949771518416","404810847",1
"1799428334071562611","1249432445914509312",1
"1799429395360403629","2878310586",1
"1799717570960105891","1266126939967938560",1
"1801364112657514970","1264185982695374850",1
"1800911544165036317","1772713419369590784",1
"1800850168600027540","1263962201964138499",1
"1802778373019644180","396831467",1
"1802598916895969322","714377328869171205",1
"1802456289206731114","1785032798601891840",1
"1800822402248819023","299163968",1
"1800106091612950805","1158688573828325376",1
"1800078525631746137","1692075628885835776",1
"1798789305764127212","1260291097395367938",1
"1801659253624635800","1438889414474846214",1
"1801326463813087713","1910520919",1
"1800525282266488967","1509977442",1
"1799602691150414249","267221965",1
"1798726794884837616","1638532776147275778",1
"1799595602130706715","1559602343817220103",1
"1803313839003283542","1060136527710298112",1
"1805081924135780801","868243776",1
"1805057006983606605","1471658403869204481",1
"1805033772284358711","1069306175932510208",1
"1805018065702142163","96626836",1
"1805017640672301503","2282644808",1
"1804601890283589798","926189171097702400",1
"1804311342439858354","1559972449579683841",1
"1804383059677999351","287233069",1
"1807887176794816679","4913330349",1
"1807811326653141205","1694344217554776065",1
"1807763439596540294","1694344217554776065",1
"1807760973303775421","1694344217554776065",1
"1807760766172344829","1694344217554776065",1
"1807760455231758747","1694344217554776065",1
"1807760065362870378","1694344217554776065",1
"1807756354636927286","1694344217554776065",1
"1807756264832668146","1694344217554776065",1
"1807756082795753654","1694344217554776065",1
"1807521436732469419","315696816",1
"1807488164082155658","1212824206913622016",1
"1807482017942253888","1089282872",1
"1807653041270571450","1256920842300272641",1
"1807477374549635497","1631997976011833344",1
"1807476615615561886","1307372447335931912",1
"1807455573644058680","1637276895535411202",1
"1807441367099978008","818364342013935616",1
"1807387966353928256","1694344217554776065",1
"1807387787311677709","1694344217554776065",1
"1807316212675719445","1694344217554776065",1
"1807316111593034057","1694344217554776065",1
"1807078174234120579","2174455852",1
"1806971443026002184","815373246",1
"1808058529728680447","818888678705627137",1
"1808056727444529463","1630432248506851337",1
"1808017584450638192","1104865080",1
"1808011896030662759","1737473251951955968",1
"1807976090977120405","340379783",1
"1807927872394273136","1684322769620672516",1
"1807149205418287523","807265616126152704",1
"1808070170373464240","1537685764175286272",1
"1807950277288645052","868138610113093632",1
"1807448179656249539","793917651970093058",1
"1808019339552895452","1363533106179952644",1
"1807971618821386307","287262068",1
"1807986830760968328","1036489248717856773",1
"1808111806025437443","116585221",1
"1808105830497071319","1734671541269389312",1
"1807905010295914501","137763890",1
"1807903351952269436","1795571690597933056",1
"1807897374188265779","911764004443389952",1
"1807895172602355822","1557814904731512832",1
"1807893861684883774","2358625611",1
"1807893667627389258","1565923223438516227",1
"1807893434612559904","232985369",1
"1807890597069611083","863169710292180993",1
"1807888096492769497","1243331883104186368",1
"1807887577233371137","205376094",1
"1807887116594303264","1664899038611664896",1
"1807886643204096367","3930801855",1
"1807597256201097394","1494308940020166662",1
"1807550668963553349","1168278531333402629",1
"1807546918521704957","1503133741350273035",1
"1807527067946246591","1789250970569867264",1
"1807894757399466406","808647807569641473",1
"1807892919266738396","1401358525",1
"1807890173054619722","882010280489824256",1
"1807556992346563064","1214684750490800129",1
"1807887096431992852","39087342",1
"1807739862017089656","1555160739316473856",1
"1805648725454315933","1746246771351666688",1
"1805978866000806276","1678511920607899648",1
"1804577438153712044","1214841681700368384",1
"1804633331365195859","1440246786841399300",1
"1804135354624032853","422952482",1
"1804546133814829309","1520715422160629762",1
"1806687376078467358","2432403446",1
"1806686286410887198","1568675785740787712",1
"1806434160917242097","1684322769620672516",1
"1806521592165630367","1786187681052962816",1
"1806403592733266106","2158128490",1
"1806670685206417559","1721504318052786176",1
"1806658950583963996","1745457374608203778",1
"1806745352256487690","782686776049577984",1
"1806579588689993824","1566028522073853952",1
"1806578497474773253","1225017507205066753",1
"1806545791042883598","1034816202516975621",1
"1806382211806941665","469432518",1
"1806232800351129685","15711809",1
"1806205241311850627","2492568049",1
"1805955275855204772","1648006602555891712",1
"1805700402827899310","1171114544544002048",1
"1805107861283873031","4459815033",1
"1804955727594688763","1099088558",1
"1804903895929327821","498821520",1
"1804771380279312821","1238177362707185667",1
"1804950231261266224","112195701",1
"1804786674695643595","267135555",1
"1804646410974814422","428553172",1
"1804891497457701331","2900552636",1
"1806754015201395093","1502004518799781892",1
"1804803556295250196","254170313",1
"1804800261791088872","631311491",1
"1804803310706155831","254170313",1
"1808105111819841677","1077966348481974277",1
"1808088021948158129","1585676483359477761",1
"1808039996911153610","1675938080476262409",1
"1808039872940122258","1480691063740416013",1
"1808018491934429300","1363533106179952644",1
"1807958106590068850","1647887730368475136",1
"1807957956396212714","80055946",1
"1808040097956139390","905321669367083008",1
"1808246568795230349","887520162",1
"1808022632119652463","1398677048361631748",1
"1807418217180103009","1780244918360825856",1
"1807833466139967917","955263186",1
"1796460305113141276","982730824532578304",1
"1796295486145491041","1005824252296212481",1
"1796069227587137603","450750878",1
"1795936670316941558","1568865721681068032",1
"1795904078746149045","2984009752",1
"1795869046182703559","288444492",1
"1795783808219840948","4872584357",1
"1795782948609835272","940716573417005056",1
"1795580579603509616","1568865721681068032",1
"1796443443218305354","875338111408111616",1
"1795830298472796414","1035447979820363776",1
"1803092068538982487","885244715993628672",1
"1803023142656348393","1270264318462963715",1
"1802973759344726509","321046685",1
"1802616901790556164","136704963",1
"1802268743336087617","892289711758331904",1
"1802264164741574924","860797600852783104",1
"1802193980244787220","4824097246",1
"1802136226410971209","914865647347216385",1
"1802032502309109834","1211633148724834304",1
"1802016523445293244","269982511",1
"1801315626981724507","1599142206891245569",1
"1801219839454744790","1569379158794330113",1
"1801218560917663764","371879776",1
"1801208651916451911","1780583569875775492",1
"1801208218414125492","895299295",1
"1801206571197673794","984826207278632961",1
"1801206116291924268","1723357588215963648",1
"1801200001428734203","1551571149234094081",1
"1803173900315951473","83988846",1
"1802109511831814475","19495929",1
"1793953658624684437","1123958270132150272",1
"1793950793176907880","1700119987359199232",1
"1793920511124087120","1440329243527843841",1
"1793965066921918881","1216279043554861057",1
"1793864002495508681","1594243234603188225",1
"1793924569301946605","964108503567753216",1
"1793899644499484937","1701709172658589696",1
"1793891134080462962","3145089863",1
"1793931436216783218","741014612489994240",1
"1796652865613660648","345590095",1
"1796608757318787100","1914400226",1
"1796589283517808652","543190020",1
"1796666770964582694","289393526",1
"1797326619108884530","3521941217",1
"1798734850788110396","1487893826643668996",1
"1799134383904862392","1696590752447361024",1
"1797693649976987693","348393677",1
"1797691002372723128","1545141162159357952",1
"1799417421406818759","1716123794106978304",1
"1796734937246155244","2271413064",1
"1797767122765951267","2490429906",1
"1801221270828155170","817728988244123648",1
"1801153979142836241","1682403880477376515",1
"1801162641169072624","1372321878015098886",1
"1795852662761488890","911230406300770305",1
"1799692106065412340","1217872824284712965",1
"1799521107537506335","1554431482713849856",1
"1799447335577190565","1533804519502532608",1
"1799422145904169347","1347512378703941632",1
"1800855906625917013","1463903624",1
"1799458869393191229","1314161142206468096",1
"1802748888270487784","752244778767675392",1
"1802485206051438868","275681295",1
"1800081591743725639","1282370196238475265",1
"1799934743460356135","1013470111833952256",1
"1801633917700645055","1663574810",1
"1801549810991821087","2734269798",1
"1801538558064205954","1574124054478471168",1
"1800968783793725494","14821998",1
"1799793669723275267","337891915",1
"1799702980096356481","2706766128",1
"1799684869754331637","2720579825",1
"1799601933453582387","2367195271",1
"1798759214648840450","1597609247633801218",1
"1805288276359598456","202170598",1
"1805049246099378255","2419781288",1
"1804982804725297244","1644849817204449282",1
"1804857845701124335","1749712116423004160",1
"1804574893012353087","1694344217554776065",1
"1804141671673647223","1792518375983202304",1
"1804054059751559385","980073163",1
"1804029782473986488","1161662980905480192",1
"1803941304042242371","142969151",1
"1803931375415816306","1270659413943160832",1
"1803927628664930501","2910748859",1
"1803920889026642200","1608754023661813760",1
"1805312990616732153","899022610083786752",1
"1804974756208554198","1665297709",1
"1804058714757853186","1666699925080473600",1
"1803941802463908263","1541352810",1
"1803902213078634946","708681056262590464",1
"1805569318567952766","1470499617670410253",1
"1805182392954503429","992073202712174592",1
"1805162050345132456","1706507460687675392",1
"1805156245873050015","1400219752333783043",1
"1805146840695771297","67883698",1
"1805144931897389431","1640809303194980352",1
"1805144608218681560","902242545408905218",1
"1805140847899402447","1241684318369517568",1
"1805140534366818428","1295674878528544768",1
"1805071509599420657","700652491667431424",1
"1805066893922910457","556835142",1
"1805049954261475792","1457105183331307526",1
"1805041104183525510","915226375954616321",1
"1805030044969963819","358418114",1
"1805023738548908503","1722270860650872832",1
"1805022457247461466","334212115",1
"1805152141582954666","771489647960653825",1
"1805112749648715811","2988225981",1
"1805162051595022799","1551293413638737920",1
"1805035101270458383","1082643899213103104",1
"1805163272762458210","1407301038105837571",1
"1806046110529802314","236567955",1
"1805829113594175561","1144161207898779650",1
"1805665777812447621","1070274261934399488",1
"1805631367926911275","1238354342517899264",1
"1805571374695489851","326356806",1
"1805499001858318664","2721365932",1
"1805497182205714930","1385075749451931648",1
"1805089862258655594","235187285",1
"1804919667443556720","785402179402227712",1
"1804515182720213158","74443603",1
"1804424397907709990","4407086901",1
"1804408986969485735","907662119339950080",1
"1804559772617679231","465753157",1
"1807903126722159045","4570778536",1
"1807903048838049990","165958634",1
"1807899316419547376","2515065345",1
"1807848112653762676","906926198483189760",1
"1807757908047696078","1694344217554776065",1
"1807755403469389955","1694344217554776065",1
"1807595124941046153","1694344217554776065",1
"1807595008939180478","1694344217554776065",1
"1807536510360551651","1269250578581946368",1
"1807528439538188661","1041429975004524545",1
"1807526267509506543","1386395868547461123",1
"1807499509460566517","315696816",1
"1807482293222576170","1415440034346504194",1
"1807742080300601491","1791522730145099776",1
"1807494355214876944","1694344217554776065",1
"1807486925252801018","793210110898278400",1
"1807483040978870682","1399179826309873666",1
"1807476758716776571","1307372447335931912",1
"1807461356297425170","887740149894979584",1
"1807449783973388762","1688939021408370689",1
"1806970775234085204","285809067",1
"1806957805921816940","1320817022335393792",1
"1806886466049417396","177319173",1
"1808109709171335539","1671112928957693953",1
"1808107192626602106","1259414891938660352",1
"1808102541890117801","1534856864013352960",1
"1808097369143087253","890747734789160960",1
"1808087858982363299","895550570131374081",1
"1808073196123419043","1526845406214234114",1
"1808072118711590918","196266762",1
"1808060734695223770","864605117806514177",1
"1808054991493455905","1300042146532204545",1
"1808051901315141774","1122628896",1
"1808049583454335335","1734671541269389312",1
"1808049293736988765","1430956897532841984",1
"1808036599139123572","1597679305320026112",1
"1808015733374570823","1087213842868797440",1
"1807946689585561643","1401544538620039172",1
"1807932105747247481","1188531359045865473",1
"1807478175162896615","798037916",1
"1807475206971080866","1080217534987677697",1
"1807388313029902486","1694344217554776065",1
"1808090389254938901","407778158",1
"1808075452101034116","1723088078032576512",1
"1807945211168866385","868982341745745922",1
"1807931692834857191","1501223322058698754",1
"1807308130704896177","1500611832649818122",1
"1806948124994183320","3436621384",1
"1807976803148915145","116615479",1
"1807388186647118295","1694344217554776065",1
"1808110681259991254","974803935193174017",1
"1807949112064528635","1633591902409719809",1
"1807899758356246531","1581394158312472578",1
"1807890982114828589","1582102278542065683",1
"1807888176968610241","850253277224615936",1
"1807887941374730676","3167911817",1
"1807887590072504429","1585676483359477761",1
"1807887480710222167","214763786",1
"1807887051771006989","826866881336315907",1
"1807887015557714347","311530251",1
"1807886627647205569","1176467653793374210",1
"1807839202928730619","2752801439",1
"1807694449016820097","1549747530866515970",1
"1807520504074387609","1780755923696246784",1
"1807893192911773866","3014572781",1
"1807749396664070221","1764694563367645186",1
"1806059387988947258","292845984",1
"1806027959209271510","1708852047896850432",1
"1804767831805874528","851183715397009408",1
"1804556160600543508","1675616501779378176",1
"1804552908324700189","1621575919667134464",1
"1804551038491632009","1774459928058720256",1
"1803715540629721592","1336458182",1
"1805213724266909799","1400696075800006660",1
"1804226746373296162","982730824532578304",1
"1803047272160084375","714377328869171205",1
"1806660412382884072","1426005597258977283",1
"1806667163085771220","1442174965235675139",1
"1806434615730577701","1684322769620672516",1
"1806837478575202647","1489900410294972422",1
"1806479332497318270","3303085137",1
"1806441402676428959","1675169847800463362",1
"1806089431163474065","1679579855422210048",1
"1806064886436299021","797760463484424192",1
"1806002611579150800","498914481",1
"1805709356295442905","887520162",1
"1804808805298938288","1789001126517297152",1
"1804797905896665490","1325474611404955651",1
"1804858336107430235","60550256",1
"1804843978233176167","1455438825489158149",1
"1804644179487666595","606624104",1
"1805086195623289329","1455359352601260038",1
"1806349355143630920","479766215",1
"1804762400886866335","2453030541",1
"1808088698690720075","1585676483359477761",1
"1807955872456335525","1398363261255536640",1
"1807481908059644245","1714295871037390848",1
"1807063253651980488","1367831887922798592",1
"1808116102825697529","396899025",1
"1807695348598550578","1133902184",1
"1796675634153840696","4045996030",1
"1796619192835170770","1492071573351800842",1
"1796513081247608997","1349889373215617024",1
"1796509508010926581","1268124099244691456",1
"1796391485103095933","1174014650884775938",1
"1796320276386632017","281750336",1
"1795888624245891255","2567836346",1
"1795800691841077680","1204448590221004801",1
"1795795410805567747","2388948883",1
"1796125309839847474","461414802",1
"1796510931947803024","1262362724786483203",1
"1796266690520719819","1278044717205336065",1
"1796243625535488080","1045227761114259456",1
"1796024633122050382","722567408070868992",1
"1795950696732201307","792404716307226624",1
"1803273197334180246","720669970661797890",1
"1803090975289462888","714377328869171205",1
"1802058663605268860","982730824532578304",1
"1801215546039414824","1335542376811655169",1
"1801170116383584286","563582116",1
"1803309883741061503","4794967759",1
"1801237687157793208","1712138097855471618",1
"1793969251583500733","714377328869171205",1
"1793949199936938419","824000009007931393",1
"1793899309928522067","1349565744",1
"1793953879471652942","1242586523075325952",1
"1794019031806054517","1180966845291077632",1
"1793943762638700683","831187062426578945",1
"1793804658546184508","2237232250",1
"1796863859279507807","1199939801752977409",1
"1796831168538521822","1217744390938157058",1
"1795106018667454610","106732990",1
"1799060631708110877","2815045804",1
"1797692236551066103","1372932643",1
"1799432008034332993","1651919379016056836",1
"1798848379679801602","106281979",1
"1801129641974878669","1599690406798802944",1
"1795852003937038499","1784916552707399680",1
"1795560513025314969","1564380329799999491",1
"1795050324396310629","260298071",1
"1799876449232638153","1414319445808402434",1
"1799801939888394689","1260922483898712065",1
"1799717639255994736","27846537",1
"1799488446228029561","1122384733667766272",1
"1799441039331406201","208069681",1
"1799425867925569646","300226536",1
"1800930887825301522","2391191501",1
"1802658499567948019","943359893691617281",1
"1802644019295523175","256218292",1
"1802400912507371997","1251169482007031811",1
"1802388103044137034","1536112835700445190",1
"1800962538185629784","1565242412745850880",1
"1802615584103760348","1495406029705728004",1
"1802464121121579430","4878820983",1
"1800237467943026759","1177593380932591616",1
"1800142631709921565","527125533",1
"1798814408291820009","7398302",1
"1801668509153300743","407235736",1
"1801630512877899983","1061376213351047173",1
"1801550191482339435","2706766128",1
"1801536327634067793","1658740614844801024",1
"1801321243565519033","1418949679824478209",1
"1801314263346106664","2222291170",1
"1799834959085191223","1328144932318703617",1
"1799603639016890810","267221965",1
"1801631457485389983","1061376213351047173",1
"1801572161439555810","1736823862736609281",1
"1805679720757084511","1735042301473288193",1
"1805549461319405738","1302252435600289794",1
"1805333309007769695","803309706244718593",1
"1805013071012024540","1415440034346504194",1
"1804200958261436558","1239176849676173318",1
"1804058584906449017","1311674052923265031",1
"1804022397223260588","466690510",1
"1804017055793914201","1762321895901298689",1
"1803922965916013035","1560663174944260096",1
"1803879112391692750","1941723872",1
"1803875764666011690","1499235481376243718",1
"1805204627442274616","1665470553271009280",1
"1804053950162677833","477109451",1
"1805166570047488159","122226405",1
"1805163576899850522","1754624297044213760",1
"1805162240498131102","1551293413638737920",1
"1805155961176211888","1028878550",1
"1805153529042002148","1394635112281673733",1
"1805151319579103446","1317786670528344064",1
"1805146606628417686","1800558956000980994",1
"1805143515875131392","491210462",1
"1805138570648105335","1737541934896283648",1
"1805136958156353916","457884310",1
"1805130988319592605","464072490",1
"1805128949661389014","1229085033484423170",1
"1805122914720604178","1242503276026826753",1
"1805118930739925355","454386958",1
"1805115766422786506","1761730663823163392",1
"1805091276066361413","318491046",1
"1805028395153072437","910979020682080256",1
"1805143754027704341","1549145018044223490",1
"1805124146650591368","1763999628251353088",1
"1805163097465700541","1295874936171646976",1
"1805143348337889533","902242545408905218",1
"1805107187716342239","1247285159289933826",1
"1804440868486561893","1436203277276831746",1
"1804176540407677109","1751215563441881088",1
"1805847602274951333","811921826800697344",1
"1805669467395178516","3764052376",1
"1805505051986649525","553098124",1
"1804799392475406485","1461763485768032266",1
"1804559603658526959","465753157",1
"1804495947101053166","1431291086689951750",1
"1804462866210193430","1284120721757741056",1
"1804450496171618589","1386309694382383104",1
"1804439861329314282","1245289322347102209",1
"1804434442699641036","206772400",1
"1804408996163436746","1461763485768032266",1
"1805658511290122565","202322767",1
"1804617132317270297","1416453502772056068",1
"1805859874258985127","450750878",1
"1808083008391426099","1331624827237634056",1
"1807827294544973965","758304341715480576",1
"1807763308528767311","1694344217554776065",1
"1807759438020747303","1694344217554776065",1
"1807759186949751200","1694344217554776065",1
"1807758846154232159","1694344217554776065",1
"1807758208561197515","1694344217554776065",1
"1807756617313620446","1694344217554776065",1
"1807754672721010747","1694344217554776065",1
"1807733440164380940","109532541",1
"1807695395855745324","3603019875",1
"1807529647158239479","793917651970093058",1
"1807501508323250303","810644468575637504",1
"1807492551219585308","4805624955",1
"1807807215979647086","1694344217554776065",1
"1807760231880876364","1694344217554776065",1
"1807456918002180267","1750207445878632449",1
"1807452164328951973","211710896",1
"1807388485784949148","1694344217554776065",1
"1807316033608253456","1694344217554776065",1
"1807315357914284203","1694344217554776065",1
"1807146692950557048","211710896",1
"1806891785676853461","1212735348125495296",1
"1806888325590012090","3074269128",1
"1808111014778458435","245192926",1
"1808108202283717101","4821878439",1
"1808105064873316578","1751248334449414144",1
"1808073627314663518","1632079333358485509",1
"1808073138015449415","1526845406214234114",1
"1808047584310677906","1734671541269389312",1
"1808042021896310996","1603471297408749568",1
"1808020167529464146","1633918371472236544",1
"1808016942277472270","275208609",1
"1808015931236405405","847936743290568704",1
"1807974840436953585","1670238702130417666",1
"1807974755930095726","1270359496481701888",1
"1807410551758168375","785639902146760704",1
"1808110066400158170","1166449772",1
"1808102559187439933","2999921592",1
"1808053962198729103","828910854724788224",1
"1808014644407116103","32344875",1
"1807979066483409066","3225915737",1
"1807905448311321034","1425142126552264707",1
"1807899774865363117","1460614749079719939",1
"1807896707771892159","1092054337520578560",1
"1807894970398896143","61225815",1
"1807891538694820137","813848303125364736",1
"1807890898786603035","2260654080",1
"1807890733283541088","308092811",1
"1807888102892904743","1125916215296364546",1
"1807887568618303540","1382337929650049027",1
"1807886630302155023","1402982883535507456",1
"1807886482860134835","429450084",1
"1807804227172839582","2435978884",1
"1807667797931049300","160642322",1
"1807578444277915876","1480185569657462793",1
"1807896386890768728","1237464119667765250",1
"1807889806690484310","377891369",1
"1807887184651080122","1105662772816371714",1
"1807521362266976762","3014572781",1
"1807921696541679865","1140672170533801985",1
"1805714657631682988","1298748981921579009",1
"1805801567787913655","1774178294843219968",1
"1804149844870574345","139537772",1
"1804608986781798538","1298644489888763904",1
"1805661022893785298","1572296737238253571",1
"1804626604166938918","1184600709351854080",1
"1804550948704112829","1774459928058720256",1
"1804540349227950583","1226209985002188800",1
"1805213714238382255","1502756348370604033",1
"1804230149673566706","982730824532578304",1
"1806405999005237252","1618401399213068288",1
"1806372115735572910","1635773140889489411",1
"1806373577920549372","1534929932119425027",1
"1806254819641852126","192593369",1
"1805993029125181504","1763255388898516992",1
"1805890471945777527","1450204182284316676",1
"1805715710724669739","1051940395683381251",1
"1805696484991525252","568940242",1
"1805851649526714402","1252590104",1
"1805206475146412485","1366057299152957441",1
"1804873293272428974","3091928667",1
"1804835988134322522","1435647384902590467",1
"1804805470227513761","604517325",1
"1804800521263370404","962023144281133056",1
"1804794639611785607","1782717796717133824",1
"1804664717555699893","1763684097182863360",1
"1804655116898689176","1586800050994282498",1
"1804645311094141315","388209591",1
"1804816131586150782","4725791314",1
"1805508676360261645","259728035",1
"1804775010164248591","95980170",1
"1804763321003889121","1601835949",1
"1804751364754387415","416234129",1
"1808099195364262224","1585676483359477761",1
"1808093453944819983","96154923",1
"1808070562754785703","1962172250",1
"1808057310096261544","1660042139969921025",1
"1808019691572715586","1499624297735806977",1
"1807990458951307416","1504501201718718466",1
"1807987243744661662","524830915",1
"1807959518204076040","1204797443835080704",1
"1807949754124358036","539425669",1
"1807931395701932115","1464839420176121856",1
"1807925674008556008","1615874199641366528",1
"1807467366592430286","1360283654",1
"1807156622797717558","2254499835",1
"1807088293420404849","1318560558",1
"1807813786209759661","3052273395",1
"1796558465210671443","1248607185560424450",1
"1796530234134774218","344167329",1
"1796470210364629377","3437816819",1
"1796401565470974200","1732992878",1
"1796327499342680128","393714527",1
"1796302339420102978","924006917185441792",1
"1795952140562612596","1473013324396773379",1
"1795941607264378912","1473013324396773379",1
"1795873097800929425","1386424573051248642",1
"1795820182465872207","390994697",1
"1795796799120175550","1441008180398526470",1
"1795793357727314040","271002561",1
"1795759709028270487","1321076958025945089",1
"1795943064789254558","1761777193888202752",1
"1795902633942655014","1408398176",1
"1795799166511104333","354273843",1
"1803094993738821836","2162532325",1
"1803044190512718162","1531800732",1
"1802981748562669854","1253257179995484162",1
"1802583560576024858","370059356",1
"1801268254662389964","563640427",1
"1801209416068235295","781449940753145857",1
"1801207591294398551","362122314",1
"1801207142478749965","296354397",1
"1801206478419755109","4277323817",1
"1801199082909614250","122216773",1
"1800976323852095624","1435519222306725888",1
"1801208358755577864","1475069489955885057",1
"1801204516374692313","110243753",1
"1801199879458341013","158730655",1
"1802238249278042192","1757712041693839361",1
"1793897526870872150","1426998006197403648",1
"1793899333013942745","1243720338",1
"1796811006473060799","2683948677",1
"1796726986943209896","3364567833",1
"1796612384364147108","1230075350144647169",1
"1796596467303645660","1074794316051202048",1
"1796595473106759951","288308562",1
"1799171331914928582","193662296",1
"1798809529851023680","1719726483675963392",1
"1797710776654057545","1358131573732868096",1
"1797693112426373226","1316873904",1
"1797680776525627396","1552314057776144386",1
"1797700490119057566","998876513922637824",1
"1799409081557676129","1406280540777598978",1
"1800870803304841406","703264730409005056",1
"1794063065794679028","1510152512887836676",1
"1801130141780693388","1395346703436353540",1
"1801121493276844270","1708500459856572417",1
"1800740410182267175","1701594526408998912",1
"1799903809734345143","6871902",1
"1799721556786217251","1379494566009704454",1
"1799429665276440828","4692051630",1
"1799520040498147550","332962653",1
"1799174529635299542","231098355",1
"1798750075877032434","1681014668725301249",1
"1798688079366009294","1217931109801041920",1
"1798683634389721567","300488842",1
"1798750754955723254","601648826",1
"1798706758925373484","1484745608",1
"1801531165691547731","1565597323446591495",1
"1805689637895086363","1694344217554776065",1
"1805634691342520478","3436621384",1
"1805598489977446486","3019584137",1
"1805393511745044926","1024300438278078464",1
"1805266589576540564","1735042301473288193",1
"1804149641044189231","1651709855256674305",1
"1804054686216982935","424438898",1
"1804036812681175051","1571550826996318210",1
"1804028817318592755","1602015057549860866",1
"1803980959584333985","2359103409",1
"1803972982437519470","1221631549961011201",1
"1803969221363405011","1523410902363557888",1
"1803967541154386251","876214705",1
"1803943309947080712","202170598",1
"1803941081475649816","1182315832313073664",1
"1803925713399009587","1536067421680934912",1
"1803923215439532162","2910748859",1
"1803922905450885261","545459406",1
"1803914755385758111","2949467441",1
"1803895090022355273","1800964768737468416",1
"1805670925045477483","1694344217554776065",1
"1805549806187606301","1331624827237634056",1
"1803920415670309221","1313101153970917378",1
"1803868242861060288","185392823",1
"1804965310824374646","950042417293651973",1
"1806071924600307781","1092900197477298183",1
"1803923952957559020","68579804",1
"1805604159279751285","1481993819138805762",1
"1805165603864350967","121482719",1
"1805156619363242241","2888461667",1
"1805155518559682836","1112042640",1
"1805154298889658647","957452503",1
"1805153917484855706","2547716297",1
"1805143402717012117","1549145018044223490",1
"1805132351359295893","2152696980",1
"1805118786996998152","1700031074728873984",1
"1805106399375937701","1683537626383433741",1
"1805031024553853082","579297067",1
"1805133889473478979","540110178",1
"1805064357564346523","1661520962242707457",1
"1805025339317309920","1795167744687509506",1
"1805032477813284868","1796590045786165248",1
"1804574784665317742","1222240031122907137",1
"1806254823139856439","1138440146",1
"1805843500069437937","967339935777869824",1
"1805711523589013944","7760172",1
"1805663948441817559","1164859382103977985",1
"1805663504508035306","1212786038",1
"1805535715138179309","376403749",1
"1804801012701577574","1366057299152957441",1
"1804782208495812729","96187249",1
"1804488878188802491","1562172219354226690",1
"1804417695607083281","1373717412508528654",1
"1804360195167883520","539127247",1
"1804296793779278316","1441008180398526470",1
"1805683330618474943","236524587",1
"1805588699918242134","236524587",1
"1804382127674273825","299289589",1
"1804293954524856804","836563889701670912",1
"1805691727074017557","1463903624",1
"1807848607871058055","1618401399213068288",1
"1807759956302843941","1694344217554776065",1
"1807756171597504953","1694344217554776065",1
"1807750992554868828","1523742169399500801",1
"1807624820537827578","1694344217554776065",1
"1807528983090590179","51582261",1
"1807525208267305305","1749504267092639745",1
"1807515299593539914","1122605972026023937",1
"1807527629567738115","348680194",1
"1807502663367422386","1659155135090552833",1
"1807488222290722908","193278190",1
"1807766898819453379","267909842",1
"1807760647255400602","1694344217554776065",1
"1807479914624376932","1588948388204220421",1
"1807475965007921608","463352935",1
"1807466618261315690","1275799732716294144",1
"1807452579426599256","1358153328073584653",1
"1807235869561999407","705542240035336192",1
"1807077360744727017","1646267601440440320",1
"1806889398669074475","1212735348125495296",1
"1806878139471077701","317444245",1
"1806877810222358846","101499340",1
"1808109156584296936","1342079120893763585",1
"1808106066586083509","1685691540583112704",1
"1808097613939400890","2209361445",1
"1808078694595862978","1466095115060002832",1
"1808076857163550940","1393480490",1
"1808051904590532947","1704068660623499264",1
"1808049957238108575","1734671541269389312",1
"1808044947675005407","715675506784382977",1
"1808041639077658683","1691058965562445824",1
"1808041152639115279","1355089541716205568",1
"1808040001072242899","856243149475389440",1
"1808034854711316536","190994578",1
"1808020181421011065","1522164886956290049",1
"1807979158699454592","1181725796739760135",1
"1807973082822234141","2878529104",1
"1807928879769690339","234378531",1
"1806890542728442331","1546007058541076482",1
"1807941101980115368","1678874876545757186",1
"1808102943524016284","1248022828546428928",1
"1807987835015676360","1036489248717856773",1
"1807905051991474340","343181885",1
"1807899919774277854","1645616366383185924",1
"1807894027418980425","1381734361058439168",1
"1807893544633561437","835266799872667649",1
"1807892990280847836","910689340514357250",1
"1807890141312131437","1411628423513096193",1
"1807888826813014156","106414083",1
"1807888686127931539","1239413165001035777",1
"1807888184669622483","1014202213546233857",1
"1807886375129342302","1584372561525313538",1
"1807846159379026045","1088075194500083712",1
"1807905327859523773","1723746751637811200",1
"1807689605526806573","1666948230003806209",1
"1807886966479835218","1623490597897003008",1
"1807886407928799732","1767121227984842752",1
"1807888683456254256","1646245360505856004",1
"1805678818902131100","1093567818187137024",1
"1804490711548502243","1448051572567597061",1
"1806065319489700210","1695358136993935360",1
"1805979051607118328","533362319",1
"1805546847102013648","1600502788647227395",1
"1804227890067968065","982730824532578304",1
"1806419967186727396","708681056262590464",1
"1806765807289958548","1707675868003291136",1
"1806321936722538515","274742312",1
"1806319715532275859","792789250500616192",1
"1806279976729055597","1458566279661502470",1
"1805871831020188031","3479422701",1
"1805701731185213746","177533849",1
"1805786212390592800","337268427",1
"1804797038980223402","1386424573051248642",1
"1804794082721435999","1364199143330226176",1
"1804784237054152991","1600161834073563141",1
"1804759572776624593","1226935168163876865",1
"1804745633183510972","1708500459856572417",1
"1804813516450242768","1623624820704387072",1
"1804822955869790494","1234109636854370305",1
"1807517144730521761","1714628776766652416",1
"1808066059985211533","1428266831530373121",1
"1808042585790755099","1585336334691991571",1
"1807929837450903746","1012384716",1
"1808091446378991682","1782513310077788160",1
"1808265429455946110","313191651",1
"1807371459385286714","714377328869171205",1
"1807006064031764680","2331018165",1
"1808113127491321935","297882087",1
"1807019858858487876","1580213182861381641",1
"1796448533438206019","1624805745194672130",1
"1796298433474781661","747567347733499909",1
"1796291864934396094","625566377",1
"1796128094694314272","87832988",1
"1795974961334477227","273287266",1
"1795934078547448250","404353147",1
"1795807412202377595","1332022858852294659",1
"1795793121017516444","1774523863482658817",1
"1795905302442782839","1267025294914920448",1
"1802972394505547854","1390065848631582722",1
"1802148296217014434","1542920343840514048",1
"1802033262593786259","379081311",1
"1802026028488941598","1365578420",1
"1802811301757866468","1710222842149613568",1
"1801313216615579947","1441454548288212992",1
"1801268240787591654","2447620081",1
"1801203774217748678","272952431",1
"1801203726369091738","147645879",1
"1801200178302431588","1720741360364363776",1
"1802317848674451884","1184308577487544321",1
"1801203601995419648","1615266997",1
"1802021107169677528","539838364",1
"1802412896325976111","914865647347216385",1
"1793850372328657288","1227334340960571394",1
"1793916998491267099","1558565656194334720",1
"1796848452657189310","976582672121257986",1
"1796698849450307829","1126130174",1
"1796651507682570667","299219032",1
"1796847502445977640","3296538657",1
"1797332561435164994","1262748491933073412",1
"1797329226841907337","1952655066",1
"1797744993064628403","1655635430262337536",1
"1797741890772840817","1355557446220181508",1
"1797729474743808065","1791201040060084224",1
"1797709140737036504","392264743",1
"1797721283926401339","1640996524246069253",1
"1800491375328391219","1297568761730551808",1
"1794359064404869564","396782669",1
"1794063487238369331","1510152512887836676",1
"1798854733719056774","1633135726375124997",1
"1794057058154586153","422695080",1
"1801024705970782560","1434641099088400388",1
"1796262322878484685","271010097",1
"1800722377976016906","1793281853861797888",1
"1800647440535581029","1752432281262723072",1
"1800825772967596498","1120815873919520768",1
"1800432683262370039","714377328869171205",1
"1800164584265056596","714377328869171205",1
"1799688683693498627","1419031342260658180",1
"1799459771067867337","1587108623930609667",1
"1799429814283379155","1437784047300775938",1
"1799425823172386892","488710266",1
"1800951897454727450","1555643617510932480",1
"1800945302641254452","829350493738643456",1
"1802752001064804417","46548248",1
"1802438572852568303","1785032798601891840",1
"1798636512399257950","1299992307727556609",1
"1801759250915725379","2737381686",1
"1801537232446042576","1489283426444353539",1
"1801208722825343380","207636452",1
"1800527673208512876","1053551942",1
"1800440899031404670","1736319943501639681",1
"1800295289540001893","2879444955",1
"1799728105445380317","1372628116657561602",1
"1799559787698368903","1621152552258801672",1
"1801522541019742524","618107583",1
"1800430811659026510","1467950971527602176",1
"1800251230419357813","1485156987147112456",1
"1799788145959207409","4889370826",1
"1801279622111191227","1736319943501639681",1
